{
  "hash": "a0250a5c",
  "configHash": "694274b1",
  "lockfileHash": "6e213ac0",
  "browserHash": "5ea90941",
  "optimized": {
    "@angular/common": {
      "src": "../../../../../../node_modules/@angular/common/fesm2022/common.mjs",
      "file": "@angular_common.js",
      "fileHash": "85e18b28",
      "needsInterop": false
    },
    "@angular/core": {
      "src": "../../../../../../node_modules/@angular/core/fesm2022/core.mjs",
      "file": "@angular_core.js",
      "fileHash": "391271ac",
      "needsInterop": false
    },
    "@angular/forms": {
      "src": "../../../../../../node_modules/@angular/forms/fesm2022/forms.mjs",
      "file": "@angular_forms.js",
      "fileHash": "9e2fff4f",
      "needsInterop": false
    },
    "@angular/platform-browser": {
      "src": "../../../../../../node_modules/@angular/platform-browser/fesm2022/platform-browser.mjs",
      "file": "@angular_platform-browser.js",
      "fileHash": "9f61bab7",
      "needsInterop": false
    },
    "@angular/router": {
      "src": "../../../../../../node_modules/@angular/router/fesm2022/router.mjs",
      "file": "@angular_router.js",
      "fileHash": "7566f5c9",
      "needsInterop": false
    }
  },
  "chunks": {
    "chunk-4NTA3YUZ": {
      "file": "chunk-4NTA3YUZ.js"
    },
    "chunk-NW3ALCPB": {
      "file": "chunk-NW3ALCPB.js"
    },
    "chunk-6WMCGCQQ": {
      "file": "chunk-6WMCGCQQ.js"
    }
  }
}